{
    "01-28-20 14:23:27": {
        "environment_sensor": {
            "altitude": 694.0516839511113,
            "gas": 723933,
            "humidity": 17.00189418818601,
            "pressure": 932.6171747194737,
            "temperature": 23.3044140625
        },
        "soil_moisture_sensor_1": -0.0,
        "soil_moisture_sensor_2": -0.0
    },
    "01-28-20 14:23:29": {
        "environment_sensor": {
            "altitude": 694.0327529559286,
            "gas": 1495536,
            "humidity": 17.021753029533475,
            "pressure": 932.6193008701941,
            "temperature": 23.30578125
        },
        "soil_moisture_sensor_1": 0.0,
        "soil_moisture_sensor_2": 0.0
    },
    "01-28-20 14:23:31": {
        "environment_sensor": {
            "altitude": 694.1233680091789,
            "gas": 1492205,
            "humidity": 17.04154539735616,
            "pressure": 932.6091238781489,
            "temperature": 23.30578125
        },
        "soil_moisture_sensor_1": 0.0,
        "soil_moisture_sensor_2": 0.0
    },
    "01-28-20 14:23:33": {
        "environment_sensor": {
            "altitude": 694.226382124152,
            "gas": 1500560,
            "humidity": 17.056401931119908,
            "pressure": 932.5975544545913,
            "temperature": 23.3059765625
        },
        "soil_moisture_sensor_1": 0.0,
        "soil_moisture_sensor_2": 0.0
    },
    "Fan Status": "OFF",
    "Moisture_High": 80,
    "Moisture_Low": 60,
    "Moisture_Target": 70,
    "Pump Status": "OFF",
    "RGB LED Status": [
        0,
        0,
        0
    ],
    "UV LED Status": "OFF",
    "last_watering": "2020-01-28 14:23:27.166889",
    "latest": {
        "environment_sensor": {
            "altitude": 694.226382124152,
            "gas": 1500560,
            "humidity": 17.056401931119908,
            "pressure": 932.5975544545913,
            "temperature": 23.3059765625
        },
        "soil_moisture_sensor_1": 0.0,
        "soil_moisture_sensor_2": 0.0
    }
}